{
  "timestamp": "2026-04-11T12:11:59.387003",
  "algorithm": "adaptive_fedavg",
  "dataset": "nih",
  "config": {
    "data_dir": "D:\\BTP\\dataset-nih",
    "num_clients": 4,
    "num_rounds": 20,
    "local_epochs": 5,
    "batch_size": 32,
    "lr": 0.0002,
    "weight_decay": 0.0001,
    "image_size": 224,
    "seed": 42,
    "device": "cuda"
  },
  "final_metrics": {
    "accuracy": 0.8274702520483112,
    "f1": 0.1444766037685414,
    "auc": 0.6916239548107743,
    "precision": 0.14360699733971405,
    "recall": 0.26932427834451544,
    "specificity": NaN,
    "balanced_accuracy": NaN
  },
  "best_global_accuracy": 0.8468901390842319,
  "best_global_f1": 0.1444766037685414,
  "best_global_auc": 0.692267884099899
}