{
  "timestamp": "2026-04-11T19:14:03.765452",
  "algorithm": "adaptive_fedavg",
  "dataset": "pne",
  "config": {
    "data_dir": "D:\\BTP\\dataset-pne",
    "num_clients": 4,
    "num_rounds": 20,
    "local_epochs": 5,
    "batch_size": 32,
    "lr": 0.0002,
    "weight_decay": 0.0001,
    "image_size": 224,
    "seed": 42,
    "device": "cuda"
  },
  "final_metrics": {
    "accuracy": 0.7670103092783506,
    "f1": 0.8150572831423896,
    "auc": 0.9461981135287908,
    "precision": 0.6916666666666667,
    "recall": 0.9920318725099602,
    "specificity": 0.5256410256410257,
    "balanced_accuracy": 0.7588364490754929
  },
  "best_global_accuracy": 0.8309278350515464,
  "best_global_f1": 0.8551236749116607,
  "best_global_auc": 0.9466918650185583
}