{
  "timestamp": "2026-04-14T03:57:56.243303",
  "algorithm": "fedavg",
  "dataset": "nih",
  "config": {
    "data_dir": "D:\\BTP\\dataset-nih",
    "num_clients": 4,
    "num_rounds": 20,
    "local_epochs": 5,
    "batch_size": 32,
    "lr": 0.0002,
    "weight_decay": 0.0001,
    "image_size": 224,
    "seed": 42,
    "device": "cuda"
  },
  "final_metrics": {
    "accuracy": 0.8283130176590092,
    "f1": 0.14341876438237303,
    "auc": 0.6924572030606816,
    "precision": 0.14015037698959398,
    "recall": 0.26661803297661474,
    "specificity": NaN,
    "balanced_accuracy": NaN
  },
  "best_global_accuracy": 0.8480259192284508,
  "best_global_f1": 0.14341876438237303,
  "best_global_auc": 0.6924572030606816
}