{
  "timestamp": "2026-04-13T21:46:44.729140",
  "algorithm": "fedavg",
  "dataset": "pne",
  "config": {
    "data_dir": "D:\\BTP\\dataset-pne",
    "num_clients": 4,
    "num_rounds": 20,
    "local_epochs": 5,
    "batch_size": 32,
    "lr": 0.0002,
    "weight_decay": 0.0001,
    "image_size": 224,
    "seed": 42,
    "device": "cuda"
  },
  "final_metrics": {
    "accuracy": 0.7298969072164948,
    "f1": 0.7923930269413629,
    "auc": 0.9469472537201622,
    "precision": 0.6578947368421053,
    "recall": 0.9960159362549801,
    "specificity": 0.4444444444444444,
    "balanced_accuracy": 0.7202301903497123
  },
  "best_global_accuracy": 0.8288659793814434,
  "best_global_f1": 0.8536155202821869,
  "best_global_auc": 0.9469472537201622
}